0,1,2,3,4,5,6,7,8,9,10,11
922,-1,-1,-1,-1,-1,-1,-1,-1,-1,-1,-1
959,-1,-1,-1,-1,-1,-1,-1,-1,-1,-1,-1
971,-1,-1,-1,-1,-1,-1,-1,-1,-1,-1,-1
932,-1,-1,-1,-1,-1,-1,-1,-1,-1,-1,-1
919,-1,-1,-1,-1,-1,-1,-1,-1,-1,-1,-1
999,-1,-1,-1,-1,-1,-1,-1,-1,-1,-1,-1
930,-1,-1,-1,-1,-1,-1,-1,-1,-1,-1,-1
920,-1,-1,-1,-1,-1,-1,-1,-1,-1,-1,-1
931,0,-1,-1,-1,-1,-1,-1,-1,-1,-1,-1
960,1,-1,-1,-1,-1,-1,-1,-1,-1,-1,-1
924,2,-1,-1,-1,-1,-1,-1,-1,-1,-1,-1
958,3,0,-1,-1,-1,-1,-1,-1,-1,-1,-1
934,-1,1,-1,-1,-1,-1,-1,-1,-1,-1,-1
933,4,1,-1,-1,-1,-1,-1,-1,-1,-1,-1
935,5,2,0,-1,-1,-1,-1,-1,-1,-1,-1
961,6,-1,0,-1,-1,-1,-1,-1,-1,-1,-1
926,7,3,-1,0,-1,-1,-1,-1,-1,-1,-1
962,-1,3,-1,0,-1,-1,-1,-1,-1,-1,-1
925,8,3,-1,0,-1,-1,-1,-1,-1,-1,-1
964,-1,3,-1,0,-1,-1,-1,-1,-1,-1,-1
965,-1,3,-1,0,-1,-1,-1,-1,-1,-1,-1
963,-1,3,-1,0,-1,-1,-1,-1,-1,-1,-1
923,9,-1,1,0,-1,-1,-1,-1,-1,-1,-1
929,10,4,1,0,-1,-1,-1,-1,-1,-1,-1
928,10,4,1,0,-1,-1,-1,-1,-1,-1,-1
927,11,4,1,0,-1,-1,-1,-1,-1,-1,-1
972,-1,-1,-1,1,-1,-1,-1,-1,-1,-1,-1
979,12,-1,-1,1,-1,-1,-1,-1,-1,-1,-1
970,13,-1,2,1,-1,-1,-1,-1,-1,-1,-1
980,13,-1,2,1,-1,-1,-1,-1,-1,-1,-1
976,-1,-1,2,1,-1,-1,-1,-1,-1,-1,-1
977,14,5,2,1,-1,-1,-1,-1,-1,-1,-1
973,15,5,2,1,-1,-1,-1,-1,-1,-1,-1
975,16,-1,-1,1,-1,-1,-1,-1,-1,-1,-1
978,16,-1,-1,1,-1,-1,-1,-1,-1,-1,-1
974,17,-1,-1,1,-1,-1,-1,-1,-1,-1,-1
967,18,-1,-1,2,-1,-1,-1,-1,-1,-1,-1
966,19,-1,3,2,-1,-1,-1,-1,-1,-1,-1
969,20,6,3,2,-1,-1,-1,-1,-1,-1,-1
968,20,6,3,2,-1,-1,-1,-1,-1,-1,-1
945,21,7,4,3,-1,-1,-1,-1,-1,-1,-1
936,22,8,-1,3,-1,-1,-1,-1,-1,-1,-1
937,-1,8,-1,3,-1,-1,-1,-1,-1,-1,-1
938,-1,8,-1,3,-1,-1,-1,-1,-1,-1,-1
941,23,9,-1,3,-1,-1,-1,-1,-1,-1,-1
942,23,9,-1,3,-1,-1,-1,-1,-1,-1,-1
939,24,9,-1,3,-1,-1,-1,-1,-1,-1,-1
940,24,9,-1,3,-1,-1,-1,-1,-1,-1,-1
943,-1,-1,-1,3,-1,-1,-1,-1,-1,-1,-1
944,-1,-1,-1,3,-1,-1,-1,-1,-1,-1,-1
946,-1,-1,-1,3,-1,-1,-1,-1,-1,-1,-1
947,-1,-1,-1,3,-1,-1,-1,-1,-1,-1,-1
948,25,10,5,4,0,0,0,0,-1,-1,-1
949,26,-1,5,4,0,0,0,0,-1,-1,-1
950,27,-1,5,4,0,0,0,0,-1,-1,-1
951,27,-1,5,4,0,0,0,0,-1,-1,-1
952,-1,-1,5,4,0,0,0,0,-1,-1,-1
953,-1,-1,5,4,0,0,0,0,-1,-1,-1
954,-1,-1,5,4,0,0,0,0,-1,-1,-1
955,-1,-1,5,4,0,0,0,0,-1,-1,-1
956,-1,-1,5,4,0,0,0,0,-1,-1,-1
957,-1,-1,5,4,0,0,0,0,-1,-1,-1
988,-1,-1,-1,4,0,0,0,0,-1,-1,-1
989,-1,-1,-1,4,0,0,0,0,-1,-1,-1
998,-1,-1,-1,4,0,0,0,0,-1,-1,-1
984,28,-1,6,4,0,0,0,0,-1,-1,-1
987,29,11,6,4,0,0,0,0,-1,-1,-1
990,-1,-1,6,4,0,0,0,0,-1,-1,-1
579,30,12,-1,-1,1,-1,-1,-1,0,0,0
881,30,12,-1,-1,1,-1,-1,-1,0,0,0
494,-1,12,-1,-1,1,-1,-1,-1,0,0,0
541,-1,12,-1,-1,1,-1,-1,-1,0,0,0
577,-1,12,-1,-1,1,-1,-1,-1,0,0,0
641,-1,12,-1,-1,1,-1,-1,-1,0,0,0
642,-1,12,-1,-1,1,-1,-1,-1,0,0,0
822,-1,12,-1,-1,1,-1,-1,-1,0,0,0
420,-1,13,-1,-1,1,-1,-1,-1,0,0,0
486,31,13,-1,-1,1,-1,-1,-1,0,0,0
889,31,13,-1,-1,1,-1,-1,-1,0,0,0
594,32,13,-1,-1,1,-1,-1,-1,0,0,0
402,33,13,-1,-1,1,-1,-1,-1,0,0,0
546,33,13,-1,-1,1,-1,-1,-1,0,0,0
687,-1,-1,-1,5,1,-1,-1,-1,0,0,0
513,34,-1,-1,5,1,-1,-1,-1,0,0,0
566,34,-1,-1,5,1,-1,-1,-1,0,0,0
875,34,-1,-1,5,1,-1,-1,-1,0,0,0
401,35,-1,-1,5,1,-1,-1,-1,0,0,0
593,35,-1,-1,5,1,-1,-1,-1,0,0,0
684,-1,-1,-1,5,1,-1,-1,-1,0,0,0
699,36,-1,-1,5,1,-1,-1,-1,0,0,0
432,37,14,7,5,1,-1,-1,-1,0,0,0
683,37,14,7,5,1,-1,-1,-1,0,0,0
776,38,14,7,5,1,-1,-1,-1,0,0,0
558,-1,-1,7,5,1,-1,-1,-1,0,0,0
908,39,-1,-1,-1,-1,-1,-1,-1,0,0,0
691,40,-1,-1,-1,-1,-1,-1,-1,0,0,0
801,40,-1,-1,-1,-1,-1,-1,-1,0,0,0
632,41,15,8,-1,-1,-1,-1,-1,0,0,0
650,41,15,8,-1,-1,-1,-1,-1,0,0,0
782,42,16,-1,-1,-1,-1,-1,-1,0,0,0
673,-1,16,-1,-1,-1,-1,-1,-1,0,0,0
545,43,-1,-1,-1,-1,-1,-1,-1,0,0,0
686,44,-1,-1,-1,-1,-1,-1,-1,0,0,0
828,44,-1,-1,-1,-1,-1,-1,-1,0,0,0
811,45,-1,-1,-1,-1,-1,-1,-1,0,0,0
827,45,-1,-1,-1,-1,-1,-1,-1,0,0,0
583,46,-1,-1,-1,-1,-1,-1,1,0,0,0
426,-1,-1,9,-1,-1,-1,-1,1,0,0,0
769,47,-1,9,-1,-1,-1,-1,1,0,0,0
685,48,-1,9,-1,-1,-1,-1,1,0,0,0
778,-1,-1,9,-1,-1,-1,-1,1,0,0,0
531,49,17,9,-1,-1,-1,-1,1,0,0,0
409,50,17,9,-1,-1,-1,-1,1,0,0,0
530,50,17,9,-1,-1,-1,-1,1,0,0,0
892,50,17,9,-1,-1,-1,-1,1,0,0,0
604,51,17,9,-1,-1,-1,-1,1,0,0,0
835,-1,17,9,-1,-1,-1,-1,1,0,0,0
704,52,17,9,-1,-1,-1,-1,1,0,0,0
826,52,17,9,-1,-1,-1,-1,1,0,0,0
823,53,-1,-1,-1,-1,-1,-1,1,0,0,0
845,53,-1,-1,-1,-1,-1,-1,1,0,0,0
635,54,18,-1,-1,-1,-1,-1,1,0,0,0
447,-1,19,-1,-1,-1,-1,-1,1,0,0,0
745,-1,19,-1,-1,-1,-1,-1,1,0,0,0
837,55,19,-1,-1,-1,-1,-1,1,0,0,0
633,56,20,10,6,2,-1,-1,1,0,0,0
755,57,21,-1,6,2,-1,-1,1,0,0,0
657,-1,-1,-1,-1,-1,-1,1,1,0,0,0
456,-1,-1,-1,-1,-1,-1,1,1,0,0,0
471,-1,-1,-1,-1,-1,1,1,1,0,0,0
413,58,-1,11,7,3,1,1,1,0,0,0
763,59,-1,-1,-1,3,1,1,1,0,0,0
764,-1,-1,-1,-1,3,1,1,1,0,0,0
744,-1,-1,-1,-1,-1,-1,1,1,0,0,0
508,60,-1,-1,-1,-1,-1,-1,-1,0,0,0
878,60,-1,-1,-1,-1,-1,-1,-1,0,0,0
517,61,-1,-1,-1,-1,-1,-1,-1,0,0,0
626,-1,-1,-1,-1,-1,-1,-1,-1,0,0,0
740,-1,22,-1,-1,4,-1,-1,-1,0,0,0
491,62,22,-1,-1,4,-1,-1,-1,0,0,0
398,63,-1,-1,-1,4,-1,-1,-1,0,0,0
480,-1,-1,-1,-1,4,-1,-1,-1,0,0,0
798,64,-1,-1,8,4,-1,-1,-1,0,0,0
527,-1,23,12,8,4,-1,-1,-1,0,0,0
620,65,23,12,8,4,-1,-1,-1,0,0,0
590,65,23,12,8,4,-1,-1,-1,0,0,0
681,65,23,12,8,4,-1,-1,-1,0,0,0
916,-1,-1,-1,8,4,-1,-1,-1,0,0,0
595,66,-1,-1,-1,4,-1,-1,-1,0,0,0
856,66,-1,-1,-1,4,-1,-1,-1,0,0,0
800,67,-1,-1,-1,4,-1,-1,-1,0,0,0
886,67,-1,-1,-1,4,-1,-1,-1,0,0,0
613,68,-1,-1,9,-1,-1,-1,-1,0,0,0
844,68,-1,-1,9,-1,-1,-1,-1,0,0,0
600,-1,-1,13,9,-1,-1,-1,-1,0,0,0
479,69,24,13,9,-1,-1,-1,-1,0,0,0
694,69,24,13,9,-1,-1,-1,-1,0,0,0
723,69,24,13,9,-1,-1,-1,-1,0,0,0
739,69,24,13,9,-1,-1,-1,-1,0,0,0
571,70,-1,13,9,-1,-1,-1,-1,0,0,0
476,71,-1,13,9,-1,-1,-1,-1,0,0,0
843,-1,-1,13,9,-1,-1,-1,-1,0,0,0
758,72,-1,13,9,-1,-1,-1,-1,0,0,0
753,-1,-1,-1,9,-1,-1,-1,-1,0,0,0
592,73,25,-1,-1,-1,-1,-1,-1,0,0,0
836,74,26,14,-1,-1,-1,-1,-1,0,0,0
714,-1,-1,-1,-1,-1,-1,-1,-1,0,0,0
475,75,27,-1,-1,-1,-1,-1,-1,0,0,0
807,-1,27,-1,-1,-1,-1,-1,-1,0,0,0
761,-1,-1,-1,-1,-1,-1,-1,-1,0,0,0
535,76,28,15,10,-1,-1,-1,-1,0,0,0
464,-1,29,-1,10,-1,-1,-1,-1,0,0,0
584,77,29,-1,10,-1,-1,-1,-1,0,0,0
616,-1,29,-1,10,-1,-1,-1,-1,0,0,0
507,78,29,-1,10,-1,-1,-1,-1,0,0,0
695,78,29,-1,10,-1,-1,-1,-1,0,0,0
677,-1,29,-1,10,-1,-1,-1,-1,0,0,0
772,79,29,-1,10,-1,-1,-1,-1,0,0,0
783,-1,29,-1,10,-1,-1,-1,-1,0,0,0
676,-1,-1,-1,10,-1,-1,-1,-1,0,0,0
785,80,-1,-1,10,-1,-1,-1,-1,0,0,0
795,81,-1,-1,-1,-1,-1,-1,-1,0,0,0
902,82,-1,-1,-1,-1,-1,-1,-1,0,0,0
470,-1,30,16,-1,-1,-1,-1,-1,0,0,0
607,83,30,16,-1,-1,-1,-1,-1,0,0,0
818,-1,30,16,-1,-1,-1,-1,-1,0,0,0
862,84,-1,16,-1,-1,-1,-1,-1,0,0,0
678,85,-1,-1,11,-1,-1,-1,-1,0,0,0
718,-1,-1,-1,11,-1,-1,-1,-1,0,0,0
872,86,-1,-1,11,-1,-1,-1,-1,0,0,0
645,87,31,17,11,-1,-1,-1,-1,0,0,0
674,-1,32,-1,-1,-1,-1,-1,-1,0,0,0
815,88,32,-1,-1,-1,-1,-1,-1,0,0,0
596,89,33,18,12,5,2,-1,-1,-1,0,0
499,90,33,18,12,5,2,-1,-1,-1,0,0
623,90,33,18,12,5,2,-1,-1,-1,0,0
726,-1,33,18,12,5,2,-1,-1,-1,0,0
621,91,-1,-1,-1,5,2,-1,-1,-1,0,0
587,-1,-1,19,-1,5,2,-1,-1,-1,0,0
512,92,34,19,-1,5,2,-1,-1,-1,0,0
473,-1,34,19,-1,5,2,-1,-1,-1,0,0
731,-1,-1,19,-1,5,2,-1,-1,-1,0,0
784,-1,-1,19,-1,5,2,-1,-1,-1,0,0
792,-1,-1,19,-1,5,2,-1,-1,-1,0,0
730,-1,-1,-1,-1,5,2,-1,-1,-1,0,0
521,93,35,20,13,-1,2,-1,-1,-1,0,0
567,94,35,20,13,-1,2,-1,-1,-1,0,0
909,94,35,20,13,-1,2,-1,-1,-1,0,0
469,95,35,20,13,-1,2,-1,-1,-1,0,0
505,95,35,20,13,-1,2,-1,-1,-1,0,0
849,95,35,20,13,-1,2,-1,-1,-1,0,0
813,96,35,20,13,-1,2,-1,-1,-1,0,0
840,97,-1,-1,-1,-1,2,-1,-1,-1,0,0
462,97,-1,-1,-1,-1,2,-1,-1,-1,0,0
696,98,-1,-1,-1,-1,2,-1,-1,-1,0,0
767,99,-1,-1,-1,-1,2,-1,-1,-1,0,0
710,100,-1,-1,-1,-1,2,-1,-1,-1,0,0
693,101,-1,-1,-1,-1,2,-1,-1,-1,0,0
733,102,-1,-1,-1,-1,2,-1,-1,-1,0,0
749,103,36,-1,-1,-1,2,-1,-1,-1,0,0
418,103,36,-1,-1,-1,2,-1,-1,-1,0,0
563,103,36,-1,-1,-1,2,-1,-1,-1,0,0
816,-1,37,-1,-1,-1,2,-1,-1,-1,0,0
542,-1,37,-1,-1,-1,2,-1,-1,-1,0,0
523,104,37,-1,-1,-1,2,-1,-1,-1,0,0
557,104,37,-1,-1,-1,2,-1,-1,-1,0,0
644,-1,37,-1,-1,-1,2,-1,-1,-1,0,0
810,105,38,21,-1,-1,2,-1,-1,-1,0,0
752,106,-1,-1,-1,-1,2,-1,-1,-1,0,0
444,107,-1,-1,-1,-1,3,2,-1,-1,0,0
671,107,-1,-1,-1,-1,3,2,-1,-1,0,0
565,108,-1,-1,-1,-1,3,2,-1,-1,0,0
705,108,-1,-1,-1,-1,3,2,-1,-1,0,0
428,109,-1,-1,-1,-1,3,2,-1,-1,0,0
791,109,-1,-1,-1,-1,3,2,-1,-1,0,0
670,-1,-1,-1,-1,-1,3,2,-1,-1,0,0
561,-1,-1,-1,-1,6,3,2,-1,-1,0,0
547,110,-1,-1,-1,6,3,2,-1,-1,0,0
820,110,-1,-1,-1,6,3,2,-1,-1,0,0
408,-1,-1,-1,14,6,3,2,-1,-1,0,0
407,111,-1,-1,14,6,3,2,-1,-1,0,0
436,111,-1,-1,14,6,3,2,-1,-1,0,0
468,111,-1,-1,14,6,3,2,-1,-1,0,0
511,111,-1,-1,14,6,3,2,-1,-1,0,0
609,111,-1,-1,14,6,3,2,-1,-1,0,0
627,111,-1,-1,14,6,3,2,-1,-1,0,0
656,111,-1,-1,14,6,3,2,-1,-1,0,0
661,111,-1,-1,14,6,3,2,-1,-1,0,0
751,111,-1,-1,14,6,3,2,-1,-1,0,0
817,111,-1,-1,14,6,3,2,-1,-1,0,0
573,-1,-1,-1,14,6,3,2,-1,-1,0,0
575,-1,-1,-1,14,6,3,2,-1,-1,0,0
665,112,39,-1,14,6,3,2,-1,-1,0,0
803,-1,-1,-1,14,6,3,2,-1,-1,0,0
555,-1,-1,22,14,6,3,2,-1,-1,0,0
569,-1,-1,22,14,6,3,2,-1,-1,0,0
717,-1,-1,22,14,6,3,2,-1,-1,0,0
864,-1,-1,22,14,6,3,2,-1,-1,0,0
867,-1,-1,22,14,6,3,2,-1,-1,0,0
675,-1,40,22,14,6,3,2,-1,-1,0,0
734,-1,40,22,14,6,3,2,-1,-1,0,0
757,-1,-1,-1,-1,6,3,2,-1,-1,0,0
829,-1,-1,-1,-1,6,3,2,-1,-1,0,0
586,113,-1,-1,-1,6,3,2,-1,-1,0,0
847,113,-1,-1,-1,6,3,2,-1,-1,0,0
802,113,-1,-1,-1,6,3,2,-1,-1,0,0
866,-1,-1,-1,-1,6,3,2,-1,-1,0,0
870,-1,-1,-1,-1,-1,3,2,-1,-1,0,0
880,-1,-1,-1,-1,-1,3,2,-1,-1,0,0
603,114,41,-1,-1,-1,3,2,-1,-1,0,0
612,114,41,-1,-1,-1,3,2,-1,-1,0,0
690,114,41,-1,-1,-1,3,2,-1,-1,0,0
588,115,-1,-1,-1,-1,-1,2,-1,-1,0,0
790,115,-1,-1,-1,-1,-1,2,-1,-1,0,0
855,-1,-1,-1,-1,-1,-1,2,-1,-1,0,0
636,116,-1,-1,-1,-1,-1,2,-1,-1,0,0
414,116,-1,-1,-1,-1,-1,2,-1,-1,0,0
748,116,-1,-1,-1,-1,-1,2,-1,-1,0,0
797,116,-1,-1,-1,-1,-1,2,-1,-1,0,0
728,116,-1,-1,-1,-1,-1,2,-1,-1,0,0
910,117,-1,-1,-1,-1,-1,2,-1,-1,0,0
719,118,-1,-1,-1,-1,-1,2,-1,-1,0,0
712,-1,42,-1,-1,-1,-1,2,-1,-1,0,0
809,119,42,-1,-1,-1,-1,2,-1,-1,0,0
659,119,42,-1,-1,-1,-1,2,-1,-1,0,0
412,120,-1,-1,-1,-1,-1,2,-1,-1,0,0
503,121,-1,-1,-1,-1,-1,2,-1,-1,0,0
773,121,-1,-1,-1,-1,-1,2,-1,-1,0,0
738,-1,-1,-1,-1,-1,-1,2,-1,-1,0,0
896,122,-1,-1,15,-1,-1,2,-1,-1,0,0
876,-1,-1,-1,15,-1,-1,2,-1,-1,0,0
883,123,-1,-1,15,-1,-1,2,-1,-1,0,0
438,123,-1,-1,15,-1,-1,2,-1,-1,0,0
463,-1,-1,-1,15,-1,-1,2,-1,-1,0,0
666,-1,-1,-1,15,-1,-1,2,-1,-1,0,0
440,-1,43,-1,15,-1,-1,2,-1,-1,0,0
737,-1,43,-1,15,-1,-1,2,-1,-1,0,0
907,-1,43,-1,15,-1,-1,2,-1,-1,0,0
720,-1,43,-1,15,-1,-1,2,-1,-1,0,0
898,-1,43,-1,15,-1,-1,2,-1,-1,0,0
901,124,43,-1,15,-1,-1,2,-1,-1,0,0
899,124,43,-1,15,-1,-1,2,-1,-1,0,0
900,-1,44,23,15,-1,-1,2,-1,-1,0,0
756,125,44,23,15,-1,-1,2,-1,-1,0,0
435,-1,-1,-1,15,-1,-1,2,-1,-1,0,0
618,-1,-1,-1,15,-1,-1,2,-1,-1,0,0
427,-1,-1,-1,15,-1,-1,2,-1,-1,0,0
725,-1,-1,-1,15,-1,-1,2,-1,-1,0,0
504,126,45,-1,15,-1,-1,2,-1,-1,0,0
549,-1,-1,-1,-1,-1,-1,2,-1,-1,0,0
653,127,-1,-1,-1,-1,-1,2,-1,-1,0,0
441,128,-1,-1,-1,-1,-1,2,-1,-1,0,0
572,128,-1,-1,-1,-1,-1,2,-1,-1,0,0
481,-1,-1,-1,-1,-1,-1,2,-1,-1,0,0
868,129,-1,-1,-1,-1,-1,2,-1,-1,0,0
804,130,-1,-1,-1,-1,-1,2,-1,-1,0,0
692,131,-1,-1,-1,-1,-1,2,-1,-1,0,0
478,-1,46,-1,-1,-1,-1,2,-1,-1,0,0
492,-1,46,-1,-1,-1,-1,2,-1,-1,0,0
771,132,46,-1,-1,-1,-1,2,-1,-1,0,0
709,-1,46,-1,-1,-1,-1,2,-1,-1,0,0
519,-1,46,-1,-1,-1,-1,2,-1,-1,0,0
637,-1,46,-1,-1,-1,-1,2,-1,-1,0,0
647,133,-1,-1,-1,-1,-1,2,-1,-1,0,0
893,134,-1,-1,-1,-1,-1,2,-1,-1,0,0
416,135,47,-1,-1,7,-1,-1,-1,-1,0,0
602,135,47,-1,-1,7,-1,-1,-1,-1,0,0
702,135,47,-1,-1,7,-1,-1,-1,-1,0,0
422,136,47,-1,-1,7,-1,-1,-1,-1,0,0
543,136,47,-1,-1,7,-1,-1,-1,-1,0,0
736,-1,-1,24,-1,7,-1,-1,-1,-1,0,0
918,137,48,24,-1,7,-1,-1,-1,-1,0,0
611,137,48,24,-1,7,-1,-1,-1,-1,0,0
805,138,-1,24,-1,7,-1,-1,-1,-1,0,0
522,138,-1,24,-1,7,-1,-1,-1,-1,0,0
574,138,-1,24,-1,7,-1,-1,-1,-1,0,0
429,138,-1,24,-1,7,-1,-1,-1,-1,0,0
722,138,-1,24,-1,7,-1,-1,-1,-1,0,0
747,138,-1,24,-1,7,-1,-1,-1,-1,0,0
768,138,-1,24,-1,7,-1,-1,-1,-1,0,0
430,138,-1,24,-1,7,-1,-1,-1,-1,0,0
890,138,-1,24,-1,7,-1,-1,-1,-1,0,0
852,138,-1,24,-1,7,-1,-1,-1,-1,0,0
732,139,49,-1,-1,7,-1,-1,-1,-1,0,0
759,139,49,-1,-1,7,-1,-1,-1,-1,0,0
477,140,-1,25,-1,7,-1,-1,-1,-1,0,0
540,141,50,25,-1,7,-1,-1,-1,-1,0,0
605,142,51,26,16,7,-1,-1,-1,-1,0,0
662,-1,-1,-1,16,7,-1,-1,-1,-1,0,0
664,-1,-1,-1,16,7,-1,-1,-1,-1,0,0
688,-1,-1,-1,16,7,-1,-1,-1,-1,0,0
742,-1,52,-1,16,7,-1,-1,-1,-1,0,0
482,-1,-1,-1,16,7,-1,-1,-1,-1,0,0
487,143,53,-1,16,7,-1,-1,-1,-1,0,0
707,-1,53,-1,16,7,-1,-1,-1,-1,0,0
528,-1,53,-1,16,7,-1,-1,-1,-1,0,0
848,-1,-1,-1,16,7,-1,-1,-1,-1,0,0
485,-1,-1,-1,16,7,-1,-1,-1,-1,0,0
713,144,54,-1,-1,7,-1,-1,-1,-1,0,0
701,145,-1,-1,-1,7,-1,-1,-1,-1,0,0
838,146,-1,27,-1,-1,-1,-1,-1,-1,0,0
711,-1,-1,27,-1,-1,-1,-1,-1,-1,0,0
551,147,55,27,-1,-1,-1,-1,-1,-1,0,0
629,147,55,27,-1,-1,-1,-1,-1,-1,0,0
631,-1,-1,27,-1,-1,-1,-1,-1,-1,0,0
585,-1,-1,27,-1,-1,-1,-1,-1,-1,0,0
404,148,56,28,-1,8,-1,3,2,-1,0,0
895,-1,56,28,-1,8,-1,3,2,-1,0,0
405,149,-1,28,-1,8,-1,3,2,-1,0,0
417,149,-1,28,-1,8,-1,3,2,-1,0,0
812,150,-1,-1,-1,8,-1,3,2,-1,0,0
554,-1,57,-1,17,8,-1,3,2,-1,0,0
576,-1,57,-1,17,8,-1,3,2,-1,0,0
814,151,57,-1,17,8,-1,3,2,-1,0,0
625,152,57,-1,17,8,-1,3,2,-1,0,0
472,153,57,-1,17,8,-1,3,2,-1,0,0
914,153,57,-1,17,8,-1,3,2,-1,0,0
780,-1,58,-1,17,8,-1,3,2,-1,0,0
484,154,58,-1,17,8,-1,3,2,-1,0,0
871,154,58,-1,17,8,-1,3,2,-1,0,0
510,155,-1,29,17,8,-1,3,2,-1,0,0
628,156,-1,29,17,8,-1,3,2,-1,0,0
724,-1,-1,29,17,8,-1,3,2,-1,0,0
403,-1,59,29,17,8,-1,3,2,-1,0,0
833,157,59,29,17,8,-1,3,2,-1,0,0
913,-1,-1,29,17,8,-1,3,2,-1,0,0
450,158,-1,-1,-1,-1,-1,3,2,-1,0,0
537,158,-1,-1,-1,-1,-1,3,2,-1,0,0
830,159,-1,-1,-1,-1,-1,-1,2,-1,0,0
466,160,60,30,-1,-1,-1,-1,2,-1,0,0
874,161,-1,30,-1,-1,-1,-1,2,-1,0,0
654,161,-1,30,-1,-1,-1,-1,2,-1,0,0
779,161,-1,30,-1,-1,-1,-1,2,-1,0,0
488,162,61,31,-1,-1,-1,-1,-1,-1,0,0
431,163,-1,-1,18,9,-1,-1,-1,-1,0,0
516,163,-1,-1,18,9,-1,-1,-1,-1,0,0
520,163,-1,-1,18,9,-1,-1,-1,-1,0,0
564,164,62,-1,18,9,-1,-1,-1,-1,0,0
453,-1,-1,-1,18,9,-1,-1,-1,-1,0,0
495,165,-1,-1,18,9,-1,-1,-1,-1,0,0
648,165,-1,-1,18,9,-1,-1,-1,-1,0,0
493,166,-1,-1,18,9,-1,-1,-1,-1,0,0
846,167,-1,-1,18,9,-1,-1,-1,-1,0,0
553,168,-1,-1,18,9,-1,-1,-1,-1,0,0
703,169,-1,32,18,9,-1,-1,-1,-1,0,0
423,-1,63,32,18,9,-1,-1,-1,-1,0,0
857,170,63,32,18,9,-1,-1,-1,-1,0,0
559,-1,63,32,18,9,-1,-1,-1,-1,0,0
765,-1,63,32,18,9,-1,-1,-1,-1,0,0
831,171,64,32,18,9,-1,-1,-1,-1,0,0
861,-1,-1,32,18,9,-1,-1,-1,-1,0,0
526,172,-1,-1,18,9,-1,-1,-1,-1,0,0
532,173,-1,-1,18,9,-1,-1,-1,-1,0,0
548,174,-1,-1,18,9,-1,-1,-1,-1,0,0
894,-1,-1,-1,18,9,-1,-1,-1,-1,0,0
741,175,-1,-1,-1,9,-1,-1,-1,-1,0,0
794,176,-1,-1,-1,9,-1,-1,-1,-1,0,0
854,176,-1,-1,-1,9,-1,-1,-1,-1,0,0
754,-1,65,-1,19,-1,-1,-1,-1,-1,0,0
851,177,65,-1,19,-1,-1,-1,-1,-1,0,0
646,-1,-1,-1,19,-1,-1,-1,-1,-1,0,0
406,-1,-1,-1,-1,-1,4,-1,-1,-1,-1,0
706,178,-1,-1,-1,-1,4,-1,-1,-1,-1,0
821,179,-1,-1,-1,-1,4,-1,-1,-1,-1,0
839,179,-1,-1,-1,-1,4,-1,-1,-1,-1,0
888,179,-1,-1,-1,-1,4,-1,-1,-1,-1,0
425,180,-1,-1,20,-1,4,-1,-1,-1,-1,0
580,-1,-1,-1,20,-1,4,-1,-1,-1,-1,0
698,-1,66,33,20,-1,4,-1,-1,-1,-1,0
663,181,66,33,20,-1,4,-1,-1,-1,-1,0
624,-1,-1,-1,20,-1,4,-1,-1,-1,-1,0
410,182,67,-1,20,-1,4,-1,-1,-1,-1,0
449,182,67,-1,20,-1,4,-1,-1,-1,-1,0
497,-1,68,-1,20,-1,4,-1,-1,-1,-1,0
668,-1,68,-1,20,-1,4,-1,-1,-1,-1,0
832,183,68,-1,20,-1,4,-1,-1,-1,-1,0
727,-1,-1,-1,20,-1,4,-1,-1,-1,-1,0
762,-1,-1,-1,20,-1,4,-1,-1,-1,-1,0
498,184,-1,-1,20,-1,4,-1,-1,-1,-1,0
598,184,-1,-1,20,-1,4,-1,-1,-1,-1,0
634,185,69,34,-1,-1,4,-1,-1,-1,-1,0
506,-1,-1,-1,-1,-1,4,-1,-1,-1,-1,0
863,186,-1,-1,-1,-1,4,-1,-1,-1,-1,0
682,186,-1,-1,-1,-1,4,-1,-1,-1,-1,0
483,187,70,-1,-1,-1,4,-1,-1,-1,-1,0
743,188,71,35,21,-1,4,-1,-1,-1,-1,0
582,189,72,36,21,-1,4,-1,-1,-1,-1,0
415,190,72,36,21,-1,4,-1,-1,-1,-1,0
424,190,72,36,21,-1,4,-1,-1,-1,-1,0
454,190,72,36,21,-1,4,-1,-1,-1,-1,0
467,190,72,36,21,-1,4,-1,-1,-1,-1,0
509,190,72,36,21,-1,4,-1,-1,-1,-1,0
788,190,72,36,21,-1,4,-1,-1,-1,-1,0
860,190,72,36,21,-1,4,-1,-1,-1,-1,0
865,190,72,36,21,-1,4,-1,-1,-1,-1,0
562,-1,-1,-1,-1,-1,4,-1,-1,-1,-1,0
660,-1,-1,-1,-1,10,4,-1,-1,-1,-1,0
500,-1,-1,-1,22,10,4,-1,-1,-1,-1,0
915,-1,-1,-1,22,10,4,-1,-1,-1,-1,0
536,191,-1,-1,-1,-1,4,-1,-1,-1,-1,0
873,192,-1,-1,-1,-1,4,-1,-1,-1,-1,0
458,192,-1,-1,-1,-1,4,-1,-1,-1,-1,0
649,192,-1,-1,-1,-1,4,-1,-1,-1,-1,0
421,-1,-1,37,23,-1,4,-1,-1,-1,-1,0
460,-1,-1,37,23,-1,4,-1,-1,-1,-1,0
525,-1,-1,37,23,-1,4,-1,-1,-1,-1,0
489,-1,73,37,23,-1,4,-1,-1,-1,-1,0
716,-1,73,37,23,-1,4,-1,-1,-1,-1,0
912,193,73,37,23,-1,4,-1,-1,-1,-1,0
825,-1,73,37,23,-1,4,-1,-1,-1,-1,0
581,194,-1,37,23,-1,4,-1,-1,-1,-1,0
799,195,74,37,23,-1,4,-1,-1,-1,-1,0
877,196,74,37,23,-1,4,-1,-1,-1,-1,0
672,197,75,-1,-1,-1,4,-1,-1,-1,-1,0
599,-1,76,38,-1,-1,4,-1,-1,-1,-1,0
729,198,76,38,-1,-1,4,-1,-1,-1,-1,0
708,199,-1,38,-1,-1,4,-1,-1,-1,-1,0
437,200,-1,-1,-1,-1,4,-1,-1,-1,-1,0
917,201,77,39,24,11,-1,-1,-1,-1,-1,0
781,202,-1,40,-1,-1,-1,-1,-1,-1,-1,0
746,203,78,40,-1,-1,-1,-1,-1,-1,-1,0
911,-1,-1,41,-1,-1,-1,-1,-1,-1,-1,0
591,-1,79,41,-1,-1,-1,-1,-1,-1,-1,0
533,-1,79,41,-1,-1,-1,-1,-1,-1,-1,0
700,204,79,41,-1,-1,-1,-1,-1,-1,-1,0
434,204,79,41,-1,-1,-1,-1,-1,-1,-1,0
443,-1,79,41,-1,-1,-1,-1,-1,-1,-1,0
885,-1,-1,41,-1,-1,-1,-1,-1,-1,-1,0
643,-1,-1,-1,-1,-1,5,-1,-1,-1,-1,0
501,-1,-1,-1,-1,-1,5,-1,-1,-1,-1,0
921,205,80,-1,-1,-1,5,-1,-1,-1,-1,0
789,206,-1,-1,-1,-1,5,-1,-1,-1,-1,0
774,207,81,-1,-1,-1,5,-1,-1,-1,-1,0
770,207,81,-1,-1,-1,5,-1,-1,-1,-1,0
630,207,81,-1,-1,-1,5,-1,-1,-1,-1,0
514,208,81,-1,-1,-1,5,-1,-1,-1,-1,0
502,-1,81,-1,-1,-1,5,-1,-1,-1,-1,0
419,209,82,42,25,-1,5,-1,-1,-1,-1,0
750,210,-1,-1,25,-1,5,-1,-1,-1,-1,0
539,211,83,-1,-1,-1,5,-1,-1,-1,-1,0
903,212,84,-1,-1,12,5,-1,-1,-1,-1,0
615,213,-1,-1,-1,12,5,-1,-1,-1,-1,0
411,213,-1,-1,-1,12,5,-1,-1,-1,-1,0
400,214,85,-1,-1,12,5,-1,-1,-1,-1,0
887,214,85,-1,-1,12,5,-1,-1,-1,-1,0
465,215,-1,-1,26,12,5,-1,-1,-1,-1,0
842,216,-1,-1,26,12,5,-1,-1,-1,-1,0
639,216,-1,-1,26,12,5,-1,-1,-1,-1,0
445,216,-1,-1,26,12,5,-1,-1,-1,-1,0
834,-1,-1,-1,26,12,5,-1,-1,-1,-1,0
552,217,-1,-1,26,12,5,-1,-1,-1,-1,0
824,217,-1,-1,26,12,5,-1,-1,-1,-1,0
457,218,86,-1,26,12,5,-1,-1,-1,-1,0
906,218,86,-1,26,12,5,-1,-1,-1,-1,0
451,218,86,-1,26,12,5,-1,-1,-1,-1,0
601,219,-1,-1,26,12,5,-1,-1,-1,-1,0
655,219,-1,-1,26,12,5,-1,-1,-1,-1,0
689,219,-1,-1,26,12,5,-1,-1,-1,-1,0
775,219,-1,-1,26,12,5,-1,-1,-1,-1,0
735,220,-1,43,26,12,5,-1,-1,-1,-1,0
568,-1,87,43,26,12,5,-1,-1,-1,-1,0
869,221,87,43,26,12,5,-1,-1,-1,-1,0
617,-1,87,43,26,12,5,-1,-1,-1,-1,0
841,222,88,-1,26,12,5,-1,-1,-1,-1,0
474,-1,88,-1,26,12,5,-1,-1,-1,-1,0
614,223,-1,-1,26,12,5,-1,-1,-1,-1,0
399,223,-1,-1,26,12,5,-1,-1,-1,-1,0
610,224,-1,-1,26,12,5,-1,-1,-1,-1,0
529,-1,-1,-1,26,12,5,-1,-1,-1,-1,0
658,225,89,-1,-1,12,5,-1,-1,-1,-1,0
518,226,90,-1,-1,12,5,-1,-1,-1,-1,0
560,226,90,-1,-1,12,5,-1,-1,-1,-1,0
433,227,90,-1,-1,12,5,-1,-1,-1,-1,0
667,227,90,-1,-1,12,5,-1,-1,-1,-1,0
793,227,90,-1,-1,12,5,-1,-1,-1,-1,0
452,228,90,-1,-1,12,5,-1,-1,-1,-1,0
439,228,90,-1,-1,12,5,-1,-1,-1,-1,0
515,228,90,-1,-1,12,5,-1,-1,-1,-1,0
808,228,90,-1,-1,12,5,-1,-1,-1,-1,0
638,229,91,44,-1,12,5,-1,-1,-1,-1,0
806,-1,91,44,-1,12,5,-1,-1,-1,-1,0
496,230,91,44,-1,12,5,-1,-1,-1,-1,0
652,231,-1,-1,-1,12,5,-1,-1,-1,-1,0
697,232,-1,-1,-1,12,5,-1,-1,-1,-1,0
608,233,92,-1,-1,12,5,-1,-1,-1,-1,0
578,234,93,-1,-1,12,5,-1,-1,-1,-1,0
459,-1,93,-1,-1,12,5,-1,-1,-1,-1,0
715,235,94,45,27,13,5,-1,-1,-1,-1,0
461,-1,94,45,27,13,5,-1,-1,-1,-1,0
622,236,-1,-1,-1,13,5,-1,-1,-1,-1,0
858,237,-1,-1,-1,13,5,-1,-1,-1,-1,0
538,237,-1,-1,-1,13,5,-1,-1,-1,-1,0
853,237,-1,-1,-1,13,5,-1,-1,-1,-1,0
884,237,-1,-1,-1,13,5,-1,-1,-1,-1,0
905,238,95,-1,-1,13,5,-1,-1,-1,-1,0
446,-1,-1,-1,-1,13,5,-1,-1,-1,-1,0
619,239,-1,-1,-1,13,5,-1,-1,-1,-1,0
669,240,-1,-1,-1,13,5,-1,-1,-1,-1,0
904,240,-1,-1,-1,13,5,-1,-1,-1,-1,0
556,240,-1,-1,-1,13,5,-1,-1,-1,-1,0
524,241,96,-1,-1,13,5,-1,-1,-1,-1,0
490,241,96,-1,-1,13,5,-1,-1,-1,-1,0
787,-1,96,-1,-1,13,5,-1,-1,-1,-1,0
570,-1,97,-1,-1,13,5,-1,-1,-1,-1,0
796,242,97,-1,-1,13,5,-1,-1,-1,-1,0
597,243,-1,-1,-1,13,5,-1,-1,-1,-1,0
777,243,-1,-1,-1,13,5,-1,-1,-1,-1,0
448,-1,98,-1,-1,13,5,-1,-1,-1,-1,0
442,-1,98,-1,-1,13,5,-1,-1,-1,-1,0
879,244,98,-1,-1,13,5,-1,-1,-1,-1,0
640,-1,99,-1,-1,-1,5,-1,-1,-1,-1,0
455,245,99,-1,-1,-1,5,-1,-1,-1,-1,0
680,245,99,-1,-1,-1,5,-1,-1,-1,-1,0
721,246,100,-1,-1,-1,-1,-1,-1,-1,-1,0
589,247,-1,-1,28,14,6,4,-1,-1,-1,0
786,-1,-1,46,28,14,6,4,-1,-1,-1,0
606,-1,-1,46,28,14,6,4,-1,-1,-1,0
550,248,101,46,28,14,6,4,-1,-1,-1,0
651,-1,101,46,28,14,6,4,-1,-1,-1,0
544,249,101,46,28,14,6,4,-1,-1,-1,0
766,249,101,46,28,14,6,4,-1,-1,-1,0
859,-1,101,46,28,14,6,4,-1,-1,-1,0
891,-1,101,46,28,14,6,4,-1,-1,-1,0
882,-1,-1,46,28,14,6,4,-1,-1,-1,0
534,250,-1,46,28,14,6,4,-1,-1,-1,0
760,250,-1,46,28,14,6,4,-1,-1,-1,0
897,250,-1,46,28,14,6,4,-1,-1,-1,0
679,251,102,47,-1,-1,-1,-1,-1,-1,-1,0
850,252,-1,-1,-1,-1,-1,-1,-1,-1,-1,0
819,253,103,48,-1,-1,-1,-1,-1,-1,-1,0
985,-1,-1,49,29,15,7,5,-1,-1,-1,-1
986,254,104,49,29,15,7,5,-1,-1,-1,-1
996,-1,105,-1,-1,-1,-1,-1,-1,-1,-1,-1
995,-1,105,-1,-1,-1,-1,-1,-1,-1,-1,-1
991,-1,105,-1,-1,-1,-1,-1,-1,-1,-1,-1
994,-1,105,-1,-1,-1,-1,-1,-1,-1,-1,-1
993,-1,105,-1,-1,-1,-1,-1,-1,-1,-1,-1
997,-1,105,-1,-1,-1,-1,-1,-1,-1,-1,-1
992,255,105,-1,-1,-1,-1,-1,-1,-1,-1,-1
981,256,106,-1,30,-1,-1,-1,-1,-1,-1,-1
983,257,107,-1,30,-1,-1,-1,-1,-1,-1,-1
982,258,108,50,30,-1,-1,-1,-1,-1,-1,-1
69,-1,-1,-1,-1,16,8,-1,-1,-1,-1,-1
70,-1,109,-1,-1,16,8,-1,-1,-1,-1,-1
71,-1,109,-1,-1,16,8,-1,-1,-1,-1,-1
72,259,109,-1,-1,16,8,-1,-1,-1,-1,-1
73,259,109,-1,-1,16,8,-1,-1,-1,-1,-1
74,259,109,-1,-1,16,8,-1,-1,-1,-1,-1
75,259,109,-1,-1,16,8,-1,-1,-1,-1,-1
76,259,109,-1,-1,16,8,-1,-1,-1,-1,-1
77,259,109,-1,-1,16,8,-1,-1,-1,-1,-1
78,260,109,-1,-1,16,8,-1,-1,-1,-1,-1
79,-1,-1,-1,-1,16,8,-1,-1,-1,-1,-1
126,261,-1,-1,31,16,8,-1,-1,-1,-1,-1
118,262,-1,51,31,16,8,-1,-1,-1,-1,-1
119,262,-1,51,31,16,8,-1,-1,-1,-1,-1
120,262,-1,51,31,16,8,-1,-1,-1,-1,-1
121,262,-1,51,31,16,8,-1,-1,-1,-1,-1
122,263,110,51,31,16,8,-1,-1,-1,-1,-1
123,-1,110,51,31,16,8,-1,-1,-1,-1,-1
124,-1,-1,51,31,16,8,-1,-1,-1,-1,-1
125,-1,-1,51,31,16,8,-1,-1,-1,-1,-1
300,-1,-1,52,32,16,8,-1,-1,-1,-1,-1
301,-1,-1,52,32,16,8,-1,-1,-1,-1,-1
302,-1,-1,52,32,16,8,-1,-1,-1,-1,-1
303,-1,-1,52,32,16,8,-1,-1,-1,-1,-1
304,-1,-1,52,32,16,8,-1,-1,-1,-1,-1
305,264,111,52,32,16,8,-1,-1,-1,-1,-1
306,264,111,52,32,16,8,-1,-1,-1,-1,-1
307,-1,-1,52,32,16,8,-1,-1,-1,-1,-1
308,265,-1,-1,32,16,8,-1,-1,-1,-1,-1
310,266,-1,-1,32,16,8,-1,-1,-1,-1,-1
309,266,-1,-1,32,16,8,-1,-1,-1,-1,-1
311,267,-1,-1,32,16,8,-1,-1,-1,-1,-1
312,267,-1,-1,32,16,8,-1,-1,-1,-1,-1
313,268,-1,-1,32,16,8,-1,-1,-1,-1,-1
314,269,-1,-1,32,16,8,-1,-1,-1,-1,-1
315,269,-1,-1,32,16,8,-1,-1,-1,-1,-1
316,270,-1,-1,32,16,8,-1,-1,-1,-1,-1
317,270,-1,-1,32,16,8,-1,-1,-1,-1,-1
318,271,-1,-1,32,16,8,-1,-1,-1,-1,-1
319,272,-1,-1,32,16,8,-1,-1,-1,-1,-1
320,272,-1,-1,32,16,8,-1,-1,-1,-1,-1
321,273,112,53,32,16,8,-1,-1,-1,-1,-1
322,-1,112,53,32,16,8,-1,-1,-1,-1,-1
323,274,112,53,32,16,8,-1,-1,-1,-1,-1
324,275,112,53,32,16,8,-1,-1,-1,-1,-1
325,-1,112,53,32,16,8,-1,-1,-1,-1,-1
326,-1,112,53,32,16,8,-1,-1,-1,-1,-1
107,-1,-1,-1,33,-1,8,-1,-1,-1,-1,-1
108,-1,-1,54,33,-1,8,-1,-1,-1,-1,-1
109,276,113,54,33,-1,8,-1,-1,-1,-1,-1
110,277,-1,-1,-1,-1,8,-1,-1,-1,-1,-1
111,277,-1,-1,-1,-1,8,-1,-1,-1,-1,-1
112,278,114,-1,-1,-1,8,-1,-1,-1,-1,-1
113,278,114,-1,-1,-1,8,-1,-1,-1,-1,-1
114,278,114,-1,-1,-1,8,-1,-1,-1,-1,-1
115,278,114,-1,-1,-1,8,-1,-1,-1,-1,-1
116,-1,114,-1,-1,-1,8,-1,-1,-1,-1,-1
117,279,114,-1,-1,-1,8,-1,-1,-1,-1,-1
327,280,-1,-1,-1,-1,8,-1,-1,-1,-1,-1
328,280,-1,-1,-1,-1,8,-1,-1,-1,-1,-1
329,280,-1,-1,-1,-1,8,-1,-1,-1,-1,-1
285,281,-1,-1,-1,-1,9,-1,-1,-1,-1,-1
283,281,-1,-1,-1,-1,9,-1,-1,-1,-1,-1
282,281,-1,-1,-1,-1,9,-1,-1,-1,-1,-1
284,281,-1,-1,-1,-1,9,-1,-1,-1,-1,-1
281,281,-1,-1,-1,-1,9,-1,-1,-1,-1,-1
211,282,-1,55,34,17,9,-1,-1,-1,-1,-1
210,282,-1,55,34,17,9,-1,-1,-1,-1,-1
212,283,-1,55,34,17,9,-1,-1,-1,-1,-1
214,283,-1,55,34,17,9,-1,-1,-1,-1,-1
213,283,-1,55,34,17,9,-1,-1,-1,-1,-1
221,284,115,55,34,17,9,-1,-1,-1,-1,-1
218,285,115,55,34,17,9,-1,-1,-1,-1,-1
217,285,115,55,34,17,9,-1,-1,-1,-1,-1
216,-1,115,55,34,17,9,-1,-1,-1,-1,-1
215,-1,115,55,34,17,9,-1,-1,-1,-1,-1
219,-1,115,55,34,17,9,-1,-1,-1,-1,-1
220,-1,115,55,34,17,9,-1,-1,-1,-1,-1
207,286,-1,55,34,17,9,-1,-1,-1,-1,-1
209,286,-1,55,34,17,9,-1,-1,-1,-1,-1
206,286,-1,55,34,17,9,-1,-1,-1,-1,-1
205,286,-1,55,34,17,9,-1,-1,-1,-1,-1
208,286,-1,55,34,17,9,-1,-1,-1,-1,-1
193,-1,-1,56,34,17,9,-1,-1,-1,-1,-1
188,287,-1,56,34,17,9,-1,-1,-1,-1,-1
202,-1,-1,56,34,17,9,-1,-1,-1,-1,-1
190,288,116,56,34,17,9,-1,-1,-1,-1,-1
189,-1,116,56,34,17,9,-1,-1,-1,-1,-1
194,-1,-1,56,34,17,9,-1,-1,-1,-1,-1
191,-1,-1,56,34,17,9,-1,-1,-1,-1,-1
204,-1,-1,56,34,17,9,-1,-1,-1,-1,-1
187,-1,-1,56,34,17,9,-1,-1,-1,-1,-1
203,-1,-1,56,34,17,9,-1,-1,-1,-1,-1
197,289,-1,56,34,17,9,-1,-1,-1,-1,-1
196,289,-1,56,34,17,9,-1,-1,-1,-1,-1
198,289,-1,56,34,17,9,-1,-1,-1,-1,-1
179,290,-1,56,34,17,9,-1,-1,-1,-1,-1
180,290,-1,56,34,17,9,-1,-1,-1,-1,-1
185,-1,-1,56,34,17,9,-1,-1,-1,-1,-1
192,-1,-1,56,34,17,9,-1,-1,-1,-1,-1
183,-1,-1,56,34,17,9,-1,-1,-1,-1,-1
199,-1,-1,56,34,17,9,-1,-1,-1,-1,-1
195,-1,-1,56,34,17,9,-1,-1,-1,-1,-1
181,-1,-1,56,34,17,9,-1,-1,-1,-1,-1
184,-1,-1,56,34,17,9,-1,-1,-1,-1,-1
201,-1,-1,56,34,17,9,-1,-1,-1,-1,-1
186,-1,-1,56,34,17,9,-1,-1,-1,-1,-1
200,-1,-1,56,34,17,9,-1,-1,-1,-1,-1
182,-1,-1,56,34,17,9,-1,-1,-1,-1,-1
169,291,117,-1,34,17,9,-1,-1,-1,-1,-1
170,291,117,-1,34,17,9,-1,-1,-1,-1,-1
177,-1,117,-1,34,17,9,-1,-1,-1,-1,-1
165,292,117,-1,34,17,9,-1,-1,-1,-1,-1
166,293,117,-1,34,17,9,-1,-1,-1,-1,-1
167,293,117,-1,34,17,9,-1,-1,-1,-1,-1
178,-1,117,-1,34,17,9,-1,-1,-1,-1,-1
175,-1,117,-1,34,17,9,-1,-1,-1,-1,-1
163,-1,117,-1,34,17,9,-1,-1,-1,-1,-1
174,-1,117,-1,34,17,9,-1,-1,-1,-1,-1
176,-1,117,-1,34,17,9,-1,-1,-1,-1,-1
160,-1,117,-1,34,17,9,-1,-1,-1,-1,-1
172,294,117,-1,34,17,9,-1,-1,-1,-1,-1
171,294,117,-1,34,17,9,-1,-1,-1,-1,-1
162,-1,117,-1,34,17,9,-1,-1,-1,-1,-1
161,-1,117,-1,34,17,9,-1,-1,-1,-1,-1
164,-1,117,-1,34,17,9,-1,-1,-1,-1,-1
168,-1,117,-1,34,17,9,-1,-1,-1,-1,-1
173,-1,117,-1,34,17,9,-1,-1,-1,-1,-1
159,-1,-1,-1,34,17,9,-1,-1,-1,-1,-1
251,-1,-1,-1,-1,17,9,-1,-1,-1,-1,-1
264,295,-1,-1,-1,17,9,-1,-1,-1,-1,-1
263,295,-1,-1,-1,17,9,-1,-1,-1,-1,-1
268,-1,-1,-1,-1,17,9,-1,-1,-1,-1,-1
256,-1,-1,-1,-1,17,9,-1,-1,-1,-1,-1
266,296,-1,-1,-1,17,9,-1,-1,-1,-1,-1
265,296,-1,-1,-1,17,9,-1,-1,-1,-1,-1
267,296,-1,-1,-1,17,9,-1,-1,-1,-1,-1
253,-1,-1,-1,-1,17,9,-1,-1,-1,-1,-1
255,-1,-1,-1,-1,17,9,-1,-1,-1,-1,-1
262,297,-1,-1,-1,17,9,-1,-1,-1,-1,-1
254,-1,-1,-1,-1,17,9,-1,-1,-1,-1,-1
246,-1,-1,57,-1,17,9,-1,-1,-1,-1,-1
229,-1,118,57,-1,17,9,-1,-1,-1,-1,-1
233,-1,118,57,-1,17,9,-1,-1,-1,-1,-1
234,-1,118,57,-1,17,9,-1,-1,-1,-1,-1
228,-1,118,57,-1,17,9,-1,-1,-1,-1,-1
231,-1,118,57,-1,17,9,-1,-1,-1,-1,-1
232,-1,118,57,-1,17,9,-1,-1,-1,-1,-1
225,298,118,57,-1,17,9,-1,-1,-1,-1,-1
224,298,118,57,-1,17,9,-1,-1,-1,-1,-1
230,-1,118,57,-1,17,9,-1,-1,-1,-1,-1
227,-1,118,57,-1,17,9,-1,-1,-1,-1,-1
226,-1,118,57,-1,17,9,-1,-1,-1,-1,-1
235,-1,118,57,-1,17,9,-1,-1,-1,-1,-1
223,-1,119,57,-1,17,9,-1,-1,-1,-1,-1
236,299,119,57,-1,17,9,-1,-1,-1,-1,-1
252,299,119,57,-1,17,9,-1,-1,-1,-1,-1
237,299,119,57,-1,17,9,-1,-1,-1,-1,-1
222,-1,119,57,-1,17,9,-1,-1,-1,-1,-1
250,300,-1,57,-1,17,9,-1,-1,-1,-1,-1
249,300,-1,57,-1,17,9,-1,-1,-1,-1,-1
242,-1,-1,57,-1,17,9,-1,-1,-1,-1,-1
243,-1,-1,57,-1,17,9,-1,-1,-1,-1,-1
248,-1,-1,57,-1,17,9,-1,-1,-1,-1,-1
241,301,-1,57,-1,17,9,-1,-1,-1,-1,-1
239,301,-1,57,-1,17,9,-1,-1,-1,-1,-1
238,301,-1,57,-1,17,9,-1,-1,-1,-1,-1
240,301,-1,57,-1,17,9,-1,-1,-1,-1,-1
247,-1,-1,57,-1,17,9,-1,-1,-1,-1,-1
244,302,-1,57,-1,17,9,-1,-1,-1,-1,-1
245,303,-1,57,-1,17,9,-1,-1,-1,-1,-1
259,304,-1,-1,-1,17,9,-1,-1,-1,-1,-1
261,304,-1,-1,-1,17,9,-1,-1,-1,-1,-1
260,304,-1,-1,-1,17,9,-1,-1,-1,-1,-1
258,304,-1,-1,-1,17,9,-1,-1,-1,-1,-1
257,-1,-1,-1,-1,17,9,-1,-1,-1,-1,-1
157,-1,120,58,-1,17,9,-1,-1,-1,-1,-1
156,305,120,58,-1,17,9,-1,-1,-1,-1,-1
154,-1,-1,58,-1,17,9,-1,-1,-1,-1,-1
153,-1,-1,58,-1,17,9,-1,-1,-1,-1,-1
158,-1,-1,58,-1,17,9,-1,-1,-1,-1,-1
152,-1,-1,58,-1,17,9,-1,-1,-1,-1,-1
155,-1,-1,58,-1,17,9,-1,-1,-1,-1,-1
151,-1,-1,58,-1,17,9,-1,-1,-1,-1,-1
331,-1,121,59,-1,-1,-1,-1,3,1,1,1
332,306,121,59,-1,-1,-1,-1,3,1,1,1
330,306,121,59,-1,-1,-1,-1,3,1,1,1
384,307,-1,-1,35,-1,-1,-1,3,1,1,1
383,307,-1,-1,35,-1,-1,-1,3,1,1,1
369,308,122,60,35,-1,-1,-1,3,1,1,1
368,308,122,60,35,-1,-1,-1,3,1,1,1
365,309,122,60,35,-1,-1,-1,3,1,1,1
367,309,122,60,35,-1,-1,-1,3,1,1,1
366,309,122,60,35,-1,-1,-1,3,1,1,1
375,310,123,-1,35,-1,-1,-1,3,1,1,1
370,310,123,-1,35,-1,-1,-1,3,1,1,1
376,310,123,-1,35,-1,-1,-1,3,1,1,1
371,310,123,-1,35,-1,-1,-1,3,1,1,1
372,310,123,-1,35,-1,-1,-1,3,1,1,1
373,310,123,-1,35,-1,-1,-1,3,1,1,1
374,310,123,-1,35,-1,-1,-1,3,1,1,1
380,311,123,-1,35,-1,-1,-1,3,1,1,1
382,311,123,-1,35,-1,-1,-1,3,1,1,1
381,311,123,-1,35,-1,-1,-1,3,1,1,1
378,311,123,-1,35,-1,-1,-1,3,1,1,1
379,311,123,-1,35,-1,-1,-1,3,1,1,1
377,311,123,-1,35,-1,-1,-1,3,1,1,1
294,312,-1,-1,-1,-1,-1,6,3,1,1,1
296,312,-1,-1,-1,-1,-1,6,3,1,1,1
295,312,-1,-1,-1,-1,-1,6,3,1,1,1
297,312,-1,-1,-1,-1,-1,6,3,1,1,1
362,313,-1,-1,-1,-1,-1,6,3,1,1,1
357,313,-1,-1,-1,-1,-1,6,3,1,1,1
359,313,-1,-1,-1,-1,-1,6,3,1,1,1
361,313,-1,-1,-1,-1,-1,6,3,1,1,1
356,313,-1,-1,-1,-1,-1,6,3,1,1,1
358,313,-1,-1,-1,-1,-1,6,3,1,1,1
360,313,-1,-1,-1,-1,-1,6,3,1,1,1
387,314,-1,-1,-1,-1,-1,6,3,1,1,1
388,314,-1,-1,-1,-1,-1,6,3,1,1,1
299,315,-1,-1,-1,-1,-1,6,3,1,1,1
298,315,-1,-1,-1,-1,-1,6,3,1,1,1
274,316,-1,-1,-1,-1,10,6,3,1,1,1
273,316,-1,-1,-1,-1,10,6,3,1,1,1
275,316,-1,-1,-1,-1,10,6,3,1,1,1
276,-1,-1,-1,-1,-1,10,6,3,1,1,1
278,317,-1,-1,-1,-1,10,6,3,1,1,1
277,317,-1,-1,-1,-1,10,6,3,1,1,1
280,317,-1,-1,-1,-1,10,6,3,1,1,1
279,317,-1,-1,-1,-1,10,6,3,1,1,1
271,318,-1,-1,-1,-1,10,6,3,1,1,1
272,318,-1,-1,-1,-1,10,6,3,1,1,1
270,318,-1,-1,-1,-1,10,6,3,1,1,1
269,318,-1,-1,-1,-1,10,6,3,1,1,1
290,319,-1,61,-1,-1,-1,6,3,1,1,1
292,319,-1,61,-1,-1,-1,6,3,1,1,1
288,319,-1,61,-1,-1,-1,6,3,1,1,1
289,319,-1,61,-1,-1,-1,6,3,1,1,1
291,319,-1,61,-1,-1,-1,6,3,1,1,1
293,319,-1,61,-1,-1,-1,6,3,1,1,1
286,320,124,61,-1,-1,-1,6,3,1,1,1
287,320,124,61,-1,-1,-1,6,3,1,1,1
149,321,-1,-1,-1,18,-1,-1,3,1,1,1
150,322,125,62,-1,18,-1,-1,3,1,1,1
148,323,126,63,36,18,-1,-1,3,1,1,1
147,324,-1,63,36,18,-1,-1,3,1,1,1
340,-1,127,64,-1,-1,11,-1,3,1,1,1
339,325,127,64,-1,-1,11,-1,3,1,1,1
354,326,-1,-1,-1,19,11,-1,3,1,1,1
348,327,-1,65,37,19,11,-1,3,1,1,1
353,328,-1,65,37,19,11,-1,3,1,1,1
352,328,-1,65,37,19,11,-1,3,1,1,1
351,328,-1,65,37,19,11,-1,3,1,1,1
349,329,128,65,37,19,11,-1,3,1,1,1
350,330,129,65,37,19,11,-1,3,1,1,1
347,-1,-1,65,37,19,11,-1,3,1,1,1
346,331,-1,65,37,19,11,-1,3,1,1,1
345,332,130,65,37,19,11,-1,3,1,1,1
344,-1,-1,-1,-1,19,11,-1,3,1,1,1
355,-1,-1,-1,-1,19,11,-1,3,1,1,1
342,333,-1,-1,-1,19,11,-1,3,1,1,1
343,333,-1,-1,-1,19,11,-1,3,1,1,1
341,333,-1,-1,-1,19,11,-1,3,1,1,1
364,334,131,-1,-1,-1,-1,-1,3,1,1,1
363,-1,131,-1,-1,-1,-1,-1,3,1,1,1
386,335,132,-1,-1,-1,-1,-1,3,1,1,1
385,335,132,-1,-1,-1,-1,-1,3,1,1,1
334,-1,-1,66,-1,-1,-1,-1,3,1,1,1
338,336,-1,66,-1,-1,-1,-1,3,1,1,1
333,-1,-1,66,-1,-1,-1,-1,3,1,1,1
335,337,133,66,-1,-1,-1,-1,3,1,1,1
336,-1,-1,66,-1,-1,-1,-1,3,1,1,1
337,-1,-1,66,-1,-1,-1,-1,3,1,1,1
101,-1,-1,-1,-1,-1,-1,-1,-1,1,1,1
102,338,134,-1,-1,-1,-1,-1,-1,1,1,1
103,338,134,-1,-1,-1,-1,-1,-1,1,1,1
105,339,135,67,-1,-1,-1,-1,-1,1,1,1
104,340,135,67,-1,-1,-1,-1,-1,1,1,1
106,-1,135,67,-1,-1,-1,-1,-1,1,1,1
7,-1,-1,-1,-1,-1,-1,7,-1,-1,1,1
8,-1,-1,-1,-1,-1,-1,7,-1,-1,1,1
9,341,-1,-1,-1,-1,-1,7,-1,-1,1,1
10,-1,136,68,38,-1,-1,7,-1,-1,1,1
11,-1,136,68,38,-1,-1,7,-1,-1,1,1
12,-1,136,68,38,-1,-1,7,-1,-1,1,1
13,-1,136,68,38,-1,-1,7,-1,-1,1,1
14,342,136,68,38,-1,-1,7,-1,-1,1,1
15,-1,137,68,38,-1,-1,7,-1,-1,1,1
16,343,137,68,38,-1,-1,7,-1,-1,1,1
17,344,-1,68,38,-1,-1,7,-1,-1,1,1
18,344,-1,68,38,-1,-1,7,-1,-1,1,1
19,345,-1,68,38,-1,-1,7,-1,-1,1,1
20,-1,-1,68,38,-1,-1,7,-1,-1,1,1
21,346,138,-1,-1,-1,-1,7,-1,-1,1,1
22,347,138,-1,-1,-1,-1,7,-1,-1,1,1
23,-1,138,-1,-1,-1,-1,7,-1,-1,1,1
24,348,138,-1,-1,-1,-1,7,-1,-1,1,1
80,349,-1,-1,39,20,-1,7,-1,-1,1,1
81,349,-1,-1,39,20,-1,7,-1,-1,1,1
82,349,-1,-1,39,20,-1,7,-1,-1,1,1
83,349,-1,-1,39,20,-1,7,-1,-1,1,1
84,350,139,69,39,20,-1,7,-1,-1,1,1
85,-1,-1,69,39,20,-1,7,-1,-1,1,1
86,-1,-1,69,39,20,-1,7,-1,-1,1,1
87,-1,140,-1,-1,-1,-1,7,-1,-1,1,1
88,-1,140,-1,-1,-1,-1,7,-1,-1,1,1
89,351,140,-1,-1,-1,-1,7,-1,-1,1,1
90,352,140,-1,-1,-1,-1,7,-1,-1,1,1
91,353,141,-1,-1,-1,-1,7,-1,-1,1,1
92,354,-1,-1,-1,-1,-1,7,-1,-1,1,1
93,354,-1,-1,-1,-1,-1,7,-1,-1,1,1
94,355,-1,-1,-1,-1,-1,7,-1,-1,1,1
95,356,-1,-1,-1,-1,-1,7,-1,-1,1,1
96,356,-1,-1,-1,-1,-1,7,-1,-1,1,1
99,-1,-1,-1,40,21,12,7,-1,-1,1,1
97,-1,-1,70,40,21,12,7,-1,-1,1,1
98,357,142,70,40,21,12,7,-1,-1,1,1
100,358,-1,-1,-1,-1,12,7,-1,-1,1,1
127,359,-1,-1,41,-1,12,7,-1,-1,1,1
128,359,-1,-1,41,-1,12,7,-1,-1,1,1
129,-1,-1,-1,41,-1,12,7,-1,-1,1,1
130,-1,-1,-1,41,-1,12,7,-1,-1,1,1
132,360,143,-1,41,-1,12,7,-1,-1,1,1
131,-1,143,-1,41,-1,12,7,-1,-1,1,1
133,-1,143,-1,41,-1,12,7,-1,-1,1,1
134,-1,-1,-1,41,-1,12,7,-1,-1,1,1
135,-1,-1,-1,41,-1,12,7,-1,-1,1,1
137,361,144,-1,41,-1,12,7,-1,-1,1,1
138,-1,-1,-1,41,-1,12,7,-1,-1,1,1
139,362,145,71,41,-1,12,7,-1,-1,1,1
140,363,-1,71,41,-1,12,7,-1,-1,1,1
141,363,-1,71,41,-1,12,7,-1,-1,1,1
142,364,-1,71,41,-1,12,7,-1,-1,1,1
143,-1,-1,71,41,-1,12,7,-1,-1,1,1
136,365,146,-1,-1,-1,12,7,-1,-1,1,1
144,366,-1,72,-1,-1,12,7,-1,-1,1,1
145,367,147,72,-1,-1,12,7,-1,-1,1,1
146,368,-1,72,-1,-1,12,7,-1,-1,1,1
33,369,148,73,42,-1,13,-1,-1,-1,1,1
34,369,148,73,42,-1,13,-1,-1,-1,1,1
35,-1,148,73,42,-1,13,-1,-1,-1,1,1
36,-1,148,73,42,-1,13,-1,-1,-1,1,1
37,-1,148,73,42,-1,13,-1,-1,-1,1,1
38,370,149,74,-1,22,13,-1,-1,-1,1,1
39,371,149,74,-1,22,13,-1,-1,-1,1,1
40,371,149,74,-1,22,13,-1,-1,-1,1,1
41,372,149,74,-1,22,13,-1,-1,-1,1,1
42,373,149,74,-1,22,13,-1,-1,-1,1,1
43,373,149,74,-1,22,13,-1,-1,-1,1,1
44,374,149,74,-1,22,13,-1,-1,-1,1,1
45,375,149,74,-1,22,13,-1,-1,-1,1,1
46,376,149,74,-1,22,13,-1,-1,-1,1,1
47,377,149,74,-1,22,13,-1,-1,-1,1,1
48,378,149,74,-1,22,13,-1,-1,-1,1,1
51,379,150,75,43,22,13,-1,-1,-1,1,1
50,380,151,-1,-1,22,13,-1,-1,-1,1,1
49,381,151,-1,-1,22,13,-1,-1,-1,1,1
52,382,-1,-1,44,22,13,-1,-1,-1,1,1
53,382,-1,-1,44,22,13,-1,-1,-1,1,1
54,382,-1,-1,44,22,13,-1,-1,-1,1,1
55,382,-1,-1,44,22,13,-1,-1,-1,1,1
56,382,-1,-1,44,22,13,-1,-1,-1,1,1
57,382,-1,-1,44,22,13,-1,-1,-1,1,1
58,382,-1,-1,44,22,13,-1,-1,-1,1,1
59,382,-1,-1,44,22,13,-1,-1,-1,1,1
60,382,-1,-1,44,22,13,-1,-1,-1,1,1
61,-1,152,76,44,22,13,-1,-1,-1,1,1
62,383,152,76,44,22,13,-1,-1,-1,1,1
63,384,-1,77,44,22,13,-1,-1,-1,1,1
64,385,153,77,44,22,13,-1,-1,-1,1,1
65,-1,-1,-1,44,22,13,-1,-1,-1,1,1
66,-1,-1,78,44,22,13,-1,-1,-1,1,1
67,386,154,78,44,22,13,-1,-1,-1,1,1
68,386,154,78,44,22,13,-1,-1,-1,1,1
30,387,155,79,-1,-1,-1,-1,-1,-1,1,1
31,-1,155,79,-1,-1,-1,-1,-1,-1,1,1
32,-1,155,79,-1,-1,-1,-1,-1,-1,1,1
25,-1,156,79,-1,-1,-1,-1,-1,-1,1,1
26,388,156,79,-1,-1,-1,-1,-1,-1,1,1
27,388,156,79,-1,-1,-1,-1,-1,-1,1,1
28,389,156,79,-1,-1,-1,-1,-1,-1,1,1
29,389,156,79,-1,-1,-1,-1,-1,-1,1,1
5,390,-1,80,45,-1,14,8,-1,-1,1,1
6,390,-1,80,45,-1,14,8,-1,-1,1,1
2,391,157,80,45,-1,14,8,-1,-1,1,1
3,392,157,80,45,-1,14,8,-1,-1,1,1
4,-1,157,80,45,-1,14,8,-1,-1,1,1
389,-1,158,-1,-1,-1,14,8,-1,-1,1,1
391,393,158,-1,-1,-1,14,8,-1,-1,1,1
0,394,159,81,46,23,14,8,-1,-1,1,1
1,394,159,81,46,23,14,8,-1,-1,1,1
390,-1,-1,81,46,23,14,8,-1,-1,1,1
392,395,160,82,46,23,14,8,-1,-1,1,1
393,396,160,82,46,23,14,8,-1,-1,1,1
396,397,161,82,46,23,14,8,-1,-1,1,1
397,398,-1,82,46,23,14,8,-1,-1,1,1
394,399,-1,-1,46,23,14,8,-1,-1,1,1
395,399,-1,-1,46,23,14,8,-1,-1,1,1
